Название,Цена,Ссылка
Диван Слипсон Velvet Milk,9999руб.,https://www.divan.ru/product/divan-slipson-velvet-milk
Диван Спейс Velvet Olive,11 165руб.,https://www.divan.ru/product/divan-spejs-velvet-olive
Диван Нумо Мини Textile Light,4499руб.,https://www.divan.ru/product/divan-numo-mini-textile-light
Диван угловой Онте Textile Grafit,21 665руб.,https://www.divan.ru/product/divan-uglovoj-onte-textile-grafit
Диван Клаймар Velvet Terra,9999руб.,https://www.divan.ru/product/divan-klajmar-velvet-terra
Диван Льери Мини Velvet Yellow,10 832руб.,https://www.divan.ru/product/divan-leri-mini-velvet-yellow
Диван Нумо Velvet Green,6499руб.,https://www.divan.ru/product/divan-numo-velvet-green
Диван Лилт Bucle Lilac,13 832руб.,https://www.divan.ru/product/divan-lilt-bucle-lilac
Диван Эби Velvet Coral,11 165руб.,https://www.divan.ru/product/divan-ebi-velvet-coral
Диван Виена Velvet Smoke,10 832руб.,https://www.divan.ru/product/divan-viena-time-grey
Модульный диван Риббл-1 Bucle Mint,13 164руб.,https://www.divan.ru/product/modulnyj-divan-ribbl-1-bucle-mint
Диван угловой Аллаум Linia Stone,9165руб.,https://www.divan.ru/product/divan-uglovoj-allaum-linia-stone
Диван Ларонсо Soft Blue,15 832руб.,https://www.divan.ru/product/divan-laronso-soft-blue
Диван Сваут Velvet Mustard,11 165руб.,https://www.divan.ru/product/divan-svaut-velvet-mustard
Диван Тилар Cozy Milk,5332руб.,https://www.divan.ru/product/divan-tilar-cozy-milk
Диван Бонс-Т Velvet Emerald,7832руб.,https://www.divan.ru/product/divan-bons-t-velvet-emerald
Диван Инес Vertical Blue,7665руб.,https://www.divan.ru/product/divan-ines-vertical-blue
Диван угловой Дарол Velvet Silver,11 332руб.,https://www.divan.ru/product/divan-uglovoj-darol-velvet-silver
Диван угловой Нордика мини Velvet Coral,9999руб.,https://www.divan.ru/product/divan-uglovoj-nordika-mini-velvet-coral
Диван Бонент Velvet Eclipse,13 332руб.,https://www.divan.ru/product/divan-bonent-velvet-eclipse
Диван угловой Эдвин Velvet Terra,12 499руб.,https://www.divan.ru/product/divan-uglovoj-edvin-velvet-terra
Диван Эби Мини Linia Mint,9832руб.,https://www.divan.ru/product/divan-abi-mini-linia-mint
Диван Роттердам Velvet Yellow,4665руб.,https://www.divan.ru/product/divan-rotterdam-velvet-yellow-new
Диван Бруквиль Velvet Blue,8999руб.,https://www.divan.ru/product/divan-brukvil-velvet-blue
Кушетка Ринт Bucle Beige,3665руб.,https://www.divan.ru/product/kushetka-rint-bucle-beige
Модульный диван Brera-7 Velour Mix,29 829руб.,https://www.divan.ru/product/modulnyj-divan-brera-7-velour-mix
Диван Слипсон Мини Linia Stone,7832руб.,https://www.divan.ru/product/divan-slipson-mini-linia-stone
Диван угловой Аронт Мини Velvet Pink,9999руб.,https://www.divan.ru/product/divan-uglovoj-aront-mini-velvet-pink
Диван угловой Динс Velvet Navy Blue,10 832руб.,https://www.divan.ru/product/divan-uglovoj-dins-velvet-navy-blue-old-10-04-2024
Диван Кейсес Velvet Grey,4499руб.,https://www.divan.ru/product/divan-kejses-velvet-grey
Диван Линс Velvet Navy Blue,5832руб.,https://www.divan.ru/product/divan-lins-velvet-navy-blue
Диван Стаус Velvet Caramel,5499руб.,https://www.divan.ru/product/divan-staus-velvet-caramel
Диван Види Textile Ocean,4332руб.,https://www.divan.ru/product/divan-vidi-textile-ocean
Диван Виенсо Bucle Sand,13 332руб.,https://www.divan.ru/product/divan-vienso-bucle-sand
Диван Лави Velvet Yellow,7165руб.,https://www.divan.ru/product/divan-lavi-velvet-yellow
Диван Риен Velvet Smoke,9499руб.,https://www.divan.ru/product/divan-rien-velvet-smoke
Диван угловой Мисл-1 Barhat Marsala,18 332руб.,https://www.divan.ru/product/divan-uglovoj-misl-1-barhat-marsala
Диван угловой Вильен мини Velvet Terra,10 499руб.,https://www.divan.ru/product/divan-uglovoj-vilen-mini-velvet-terra
Диван Пайпел Bucle Grafit,9165руб.,https://www.divan.ru/product/divan-pajpel-bucle-grafit
Диван Мейлон Velvet Beige,8832руб.,https://www.divan.ru/product/divan-mejlon-velvet-beige
Кушетка Кото Cozy Ivory,7499руб.,https://www.divan.ru/product/kushetka-koto-cozy-ivory
Диван Марей Soft Grey,15 832руб.,https://www.divan.ru/product/divan-marej-soft-grey
Диван Сорен Textile Yellow,11 665руб.,https://www.divan.ru/product/divan-soren-textile-yellow
Диван Лачи Velvet Yellow,5832руб.,https://www.divan.ru/product/divan-lachi-velvet-yellow
Диван Данста Velvet Light,11 499руб.,https://www.divan.ru/product/divan-dansta-velvet-light
Диван угловой Шера Velvet Olive,18 332руб.,https://www.divan.ru/product/divan-uglovoj-shera-velvet-olive
Диван Викс Textile Grafit,4165руб.,https://www.divan.ru/product/divan-viks-textile-grafit
Диван Нумо Velvet Grey,6499руб.,https://www.divan.ru/product/divan-numo-velvet-grey
Нет названия,Нет цены,Нет ссылки
Нет названия,Нет цены,Нет ссылки
Нет названия,Нет цены,Нет ссылки
Нет названия,Нет цены,Нет ссылки
Нет названия,Нет цены,Нет ссылки
Нет названия,Нет цены,Нет ссылки
Нет названия,Нет цены,Нет ссылки
Нет названия,Нет цены,Нет ссылки
Нет названия,Нет цены,Нет ссылки
Нет названия,Нет цены,Нет ссылки
